<dragonBones name="Arrow1" frameRate="24" version="2.3">
 <armature name="muiten dichuyen">
  <bone name="Layer 31 copy">
   <transform x="56.5" y="84.5" skX="0" skY="0" scX="1" scY="1"/>
  </bone>
  <bone name="Layer 31 copy 2">
   <transform x="56.5" y="25.5" skX="0" skY="0" scX="1" scY="0.94"/>
  </bone>
  <bone name="Layer 4">
   <transform x="57" y="69.5" skX="0" skY="0" scX="1" scY="0.87"/>
  </bone>
  <bone name="Layer 3">
   <transform x="56.5" y="98" skX="0" skY="0" scX="1" scY="0.9"/>
  </bone>
  <bone name="Layer 2">
   <transform x="57" y="126.5" skX="0" skY="0" scX="1" scY="0.73"/>
  </bone>
  <bone name="Layer 1">
   <transform x="57" y="155.5" skX="0" skY="0" scX="1" scY="0.88"/>
  </bone>
  <skin name="default">
   <slot name="Layer 31 copy" parent="Layer 31 copy" z="0">
    <display name="muiten dichuyen1/Layer 31 copy" type="image">
     <transform x="-53.5" y="-84.5" skX="0" skY="0" scX="1" scY="1" pX="0" pY="0"/>
    </display>
   </slot>
   <slot name="Layer 31 copy 2" parent="Layer 31 copy 2" z="1">
    <display name="muiten dichuyen1/Layer 31 copy 2" type="image">
     <transform x="-53.5" y="-24.5" skX="0" skY="0" scX="1" scY="1" pX="0" pY="0"/>
    </display>
   </slot>
   <slot name="Layer 4" parent="Layer 4" z="2">
    <display name="muiten dichuyen1/Layer 4" type="image">
     <transform x="-31" y="-11.5" skX="0" skY="0" scX="1" scY="1" pX="0" pY="0"/>
    </display>
   </slot>
   <slot name="Layer 3" parent="Layer 3" z="3">
    <display name="muiten dichuyen1/Layer 3" type="image">
     <transform x="-28.5" y="-10.5" skX="0" skY="0" scX="1" scY="1" pX="0" pY="0"/>
    </display>
   </slot>
   <slot name="Layer 2" parent="Layer 2" z="4">
    <display name="muiten dichuyen1/Layer 2" type="image">
     <transform x="-25" y="-11" skX="0" skY="0" scX="1" scY="1" pX="0" pY="0"/>
    </display>
   </slot>
   <slot name="Layer 1" parent="Layer 1" z="5">
    <display name="muiten dichuyen1/Layer 1" type="image">
     <transform x="-22" y="-12" skX="0" skY="0" scX="1" scY="1" pX="0" pY="0"/>
    </display>
   </slot>
  </skin>
  <animation name="1" fadeInTime="0" duration="20" scale="1" loop="1" autoTween="1" tweenEasing="NaN">
   <timeline name="Layer 31 copy" scale="1" offset="0">
    <frame z="0" duration="15">
     <transform x="56.5" y="84.5" skX="0" skY="0" scX="1" scY="1" pX="0" pY="0"/>
    </frame>
    <frame z="0" tweenEasing="0" duration="3">
     <transform x="56.5" y="84.5" skX="0" skY="0" scX="1" scY="1" pX="0" pY="0"/>
    </frame>
    <frame z="0" duration="2">
     <transform x="56.5" y="84.5" skX="0" skY="0" scX="1" scY="1" pX="0" pY="0"/>
     <colorTransform aO="0" rO="0" gO="0" bO="0" aM="0" rM="100" gM="100" bM="100"/>
    </frame>
   </timeline>
   <timeline name="Layer 31 copy 2" scale="1" offset="0">
    <frame duration="9" displayIndex="-1"/>
    <frame z="1" tweenEasing="0" duration="1">
     <transform x="56.5" y="25.5" skX="0" skY="0" scX="1" scY="0.94" pX="0" pY="0"/>
     <colorTransform aO="0" rO="0" gO="0" bO="0" aM="14" rM="100" gM="100" bM="100"/>
    </frame>
    <frame z="1" tweenEasing="0" duration="1">
     <transform x="56.5" y="21.5" skX="0" skY="0" scX="1" scY="1.24" pX="0" pY="0"/>
    </frame>
    <frame z="1" duration="4">
     <transform x="56.5" y="24.5" skX="0" skY="0" scX="1" scY="1" pX="0" pY="0"/>
    </frame>
    <frame z="1" tweenEasing="0" duration="3">
     <transform x="56.5" y="24.5" skX="0" skY="0" scX="1" scY="1" pX="0" pY="0"/>
    </frame>
    <frame z="1" duration="2">
     <transform x="56.5" y="24.5" skX="0" skY="0" scX="1" scY="1" pX="0" pY="0"/>
     <colorTransform aO="0" rO="0" gO="0" bO="0" aM="0" rM="100" gM="100" bM="100"/>
    </frame>
   </timeline>
   <timeline name="Layer 4" scale="1" offset="0">
    <frame duration="7" displayIndex="-1"/>
    <frame z="2" tweenEasing="0" duration="1">
     <transform x="57" y="69.5" skX="0" skY="0" scX="1" scY="0.87" pX="0" pY="0"/>
     <colorTransform aO="0" rO="0" gO="0" bO="0" aM="14" rM="100" gM="100" bM="100"/>
    </frame>
    <frame z="2" tweenEasing="0" duration="1">
     <transform x="57" y="67.5" skX="0" skY="0" scX="1" scY="1.09" pX="0" pY="0"/>
    </frame>
    <frame z="2" duration="6">
     <transform x="57" y="68.5" skX="0" skY="0" scX="1" scY="1" pX="0" pY="0"/>
    </frame>
    <frame z="2" tweenEasing="0" duration="3">
     <transform x="57" y="68.5" skX="0" skY="0" scX="1" scY="1" pX="0" pY="0"/>
    </frame>
    <frame z="2" duration="2">
     <transform x="57" y="68.5" skX="0" skY="0" scX="1" scY="1" pX="0" pY="0"/>
     <colorTransform aO="0" rO="0" gO="0" bO="0" aM="0" rM="100" gM="100" bM="100"/>
    </frame>
   </timeline>
   <timeline name="Layer 3" scale="1" offset="0">
    <frame duration="5" displayIndex="-1"/>
    <frame z="3" tweenEasing="0" duration="1">
     <transform x="56.5" y="98" skX="0" skY="0" scX="1" scY="0.9" pX="0" pY="0"/>
     <colorTransform aO="0" rO="0" gO="0" bO="0" aM="14" rM="100" gM="100" bM="100"/>
    </frame>
    <frame z="3" tweenEasing="0" duration="1">
     <transform x="56.5" y="95.5" skX="0" skY="0" scX="1" scY="1.1" pX="0" pY="0"/>
    </frame>
    <frame z="3" duration="8">
     <transform x="56.5" y="96.5" skX="0" skY="0" scX="1" scY="1" pX="0" pY="0"/>
    </frame>
    <frame z="3" tweenEasing="0" duration="3">
     <transform x="56.5" y="96.5" skX="0" skY="0" scX="1" scY="1" pX="0" pY="0"/>
    </frame>
    <frame z="3" duration="2">
     <transform x="56.5" y="96.5" skX="0" skY="0" scX="1" scY="1" pX="0" pY="0"/>
     <colorTransform aO="0" rO="0" gO="0" bO="0" aM="0" rM="100" gM="100" bM="100"/>
    </frame>
   </timeline>
   <timeline name="Layer 2" scale="1" offset="0">
    <frame duration="3" displayIndex="-1"/>
    <frame z="4" tweenEasing="0" duration="1">
     <transform x="57" y="126.5" skX="0" skY="0" scX="1" scY="0.73" pX="0" pY="0"/>
     <colorTransform aO="0" rO="0" gO="0" bO="0" aM="14" rM="100" gM="100" bM="100"/>
    </frame>
    <frame z="4" tweenEasing="0" duration="1">
     <transform x="57" y="123.5" skX="0" skY="0" scX="1" scY="1.05" pX="0" pY="0"/>
    </frame>
    <frame z="4" duration="10">
     <transform x="57" y="125" skX="0" skY="0" scX="1" scY="1" pX="0" pY="0"/>
    </frame>
    <frame z="4" tweenEasing="0" duration="3">
     <transform x="57" y="125" skX="0" skY="0" scX="1" scY="1" pX="0" pY="0"/>
    </frame>
    <frame z="4" duration="2">
     <transform x="57" y="125" skX="0" skY="0" scX="1" scY="1" pX="0" pY="0"/>
     <colorTransform aO="0" rO="0" gO="0" bO="0" aM="0" rM="100" gM="100" bM="100"/>
    </frame>
   </timeline>
   <timeline name="Layer 1" scale="1" offset="0">
    <frame duration="1" displayIndex="-1"/>
    <frame z="5" tweenEasing="0" duration="1">
     <transform x="57" y="155.5" skX="0" skY="0" scX="1" scY="0.88" pX="0" pY="0"/>
     <colorTransform aO="0" rO="0" gO="0" bO="0" aM="14" rM="100" gM="100" bM="100"/>
    </frame>
    <frame z="5" tweenEasing="0" duration="1">
     <transform x="57" y="152.5" skX="0" skY="0" scX="1" scY="1.04" pX="0" pY="0"/>
    </frame>
    <frame z="5" duration="12">
     <transform x="57" y="154" skX="0" skY="0" scX="1" scY="1" pX="0" pY="0"/>
    </frame>
    <frame z="5" tweenEasing="0" duration="3">
     <transform x="57" y="154" skX="0" skY="0" scX="1" scY="1" pX="0" pY="0"/>
    </frame>
    <frame z="5" duration="2">
     <transform x="57" y="154" skX="0" skY="0" scX="1" scY="1" pX="0" pY="0"/>
     <colorTransform aO="0" rO="0" gO="0" bO="0" aM="0" rM="100" gM="100" bM="100"/>
    </frame>
   </timeline>
  </animation>
 </armature>
</dragonBones>